,0,1,2,3
0,because overpopulated species can be thinned out.,Some people may object to hunting on the basis of humane treatment of animals.,hunting_improves_environment,neutral
1,Getting rid of an overpopulation enables the smaller animals in the food chain to grow.,Some people may object to hunting on the basis of humane treatment of animals.,hunting_improves_environment,neutral
2,"It also allows for nature to take back the woods and grasslands, which will also enable other wildlife to grow.",Some people may object to hunting on the basis of humane treatment of animals.,hunting_improves_environment,neutral
3,"Animals do not necessarily feel pain as we do,",because overpopulated species can be thinned out.,hunting_improves_environment,neutral
4,"In the absence of wolves and other large predators, humans become the deer population control to keep to deer from over-grazing regional flora.",Hunting is good.,hunting_improves_environment,neutral
5,"While I do acknowledge that older parents do have more life knowledge,",they also are going to have a more difficult time staying active with the child.,older_people_better_parents,neutral
6,Children are INCREDIBLY active,"and may be able to offer their child more guidance when it comes to difficult decisions that child will have to face,",older_people_better_parents,neutral
7,Children are INCREDIBLY active,"While I do acknowledge that older parents do have more life knowledge,",older_people_better_parents,neutral
8,"the inexperience of a young parent can be offset by their parents (the child's grandparents), god parents, and family friends.","and may be able to offer their child more guidance when it comes to difficult decisions that child will have to face,",older_people_better_parents,neutral
9,"the inexperience of a young parent can be offset by their parents (the child's grandparents), god parents, and family friends.","It would seem to me to discourage physical activity if the parents are older, and this is at a time when children as a whole are becoming less physically fit and less active.",older_people_better_parents,neutral
10,"the inexperience of a young parent can be offset by their parents (the child's grandparents), god parents, and family friends.",they also are going to have a more difficult time staying active with the child.,older_people_better_parents,neutral
11,"It would seem to me to discourage physical activity if the parents are older, and this is at a time when children as a whole are becoming less physically fit and less active.","While I do acknowledge that older parents do have more life knowledge,",older_people_better_parents,neutral
12,it is simply not the case that growing older means growing wiser.,Older people do not necessarily make better parents.,older_people_better_parents,neutral
13,Older people are far more mature than this new generation of slackers and hipsters.,"Some might say that older people are not physically fit enough to take care of children the way younger people would be,",older_people_better_parents,neutral
14,"Older people make far more money than younger people on average,",so that really does not make much of a difference now.,older_people_better_parents,neutral
15,"Older people make far more money than younger people on average,","Some might say that older people are not physically fit enough to take care of children the way younger people would be,",older_people_better_parents,neutral
16,Older people have far more experience than younger people.,so that really does not make much of a difference now.,older_people_better_parents,neutral
17,Older people have far more experience than younger people.,"Some might say that older people are not physically fit enough to take care of children the way younger people would be,",older_people_better_parents,neutral
18,so that really does not make much of a difference now.,Do older people make better parents? In this day and age the answer can only be yes.,older_people_better_parents,neutral
19,They have had time to mature more and learn about themselves.,"Some might say being too old risks the child being disabled,",older_people_better_parents,neutral
20,They have had time to mature more and learn about themselves.,so they can provide for a child.,older_people_better_parents,neutral
21,They're more likely to have steady careers going,"Some might say being too old risks the child being disabled,",older_people_better_parents,neutral
22,They're more likely to have steady careers going,I think it's possible for older people to be better parents.,older_people_better_parents,neutral
23,They will be more able to make sure their kids have everything they need.,One problem is they may not be as able to keep up with their kids or not be able to do as much fun stuff with them.,older_people_better_parents,neutral
24,They may be more financially secure.,One problem is they may not be as able to keep up with their kids or not be able to do as much fun stuff with them.,older_people_better_parents,neutral
25,But they can provide a more stable home.,Older parents may make better parents.,older_people_better_parents,neutral
26,But they can provide a more stable home.,They will be more able to make sure their kids have everything they need.,older_people_better_parents,neutral
27,"to sidestep the real issues which are lax to nonexistent policing, non-consistent prosecution and lenient sentencing.",It's the criminals who commit these violent acts against wildlife who need to be 'removed' from society itself.,removal_of_rhino_horns,neutral
28,"When you mutilate an animal, you are the problem.",The horns of wild rhinos should not be removed to prevent them from being poached.,removal_of_rhino_horns,neutral
29,"Removing the rhino horns is the crime, not just removing the rhino's horns for money.",The horns of wild rhinos should not be removed to prevent them from being poached.,removal_of_rhino_horns,neutral
30,Saying that you are mutilating the animal to protect people from mutilation poaching is absurd,The horns of wild rhinos should not be removed to prevent them from being poached.,removal_of_rhino_horns,neutral
31,It's an attack on the animal.,The horns of wild rhinos should not be removed to prevent them from being poached.,removal_of_rhino_horns,neutral
32,Don't they need them for survival?,"On one hand, yes I think removing rhinos' horns would be a good idea.",removal_of_rhino_horns,neutral
33,Removing the horns of wild rhinos leaves them defenseless.,Some say removing the horns will keep poachers from killing rhinos.,removal_of_rhino_horns,neutral
34,We live in the age of technology,If this doesn't change we could find that families become even more dysfunctional as a unit.,cell_phones_and_social_media_improve_families,neutral
35,Family time used to be about spending quality time and actually talking to each other.,and it needs to be rectified.,cell_phones_and_social_media_improve_families,neutral
36,Family time used to be about spending quality time and actually talking to each other.,If this doesn't change we could find that families become even more dysfunctional as a unit.,cell_phones_and_social_media_improve_families,neutral
37,This is driving a wedge between families,and it needs to be rectified.,cell_phones_and_social_media_improve_families,neutral
38,Family time needs to be a time where cell phones are put away and interaction with each other has everyone's full attention.,If this doesn't change we could find that families become even more dysfunctional as a unit.,cell_phones_and_social_media_improve_families,neutral
39,If this doesn't change we could find that families become even more dysfunctional as a unit.,but the constant use of cell phones is definitely not bringing families closer together.,cell_phones_and_social_media_improve_families,neutral
40,"Though, there has been no scientific research to date that can confirm this outcome.",but the constant use of cell phones is definitely not bringing families closer together.,cell_phones_and_social_media_improve_families,neutral
41,They stay in touch with each other throughout the day,"however, it seems as though families are closer nowadays.",cell_phones_and_social_media_improve_families,neutral
42,I can talk to my cousins whenever I like.,"however, it seems as though families are closer nowadays.",cell_phones_and_social_media_improve_families,neutral
43,"I have to admit though, that having the ability to communicate so freely does not mean that we do it.","however, it seems as though families are closer nowadays.",cell_phones_and_social_media_improve_families,neutral
44,We can improve our day to day life a lot.,We can share all of our thought instantly.,cell_phones_and_social_media_improve_families,neutral
45,Because it consumes very less time as a communication channel.,We can improve our day to day life a lot.,cell_phones_and_social_media_improve_families,neutral
46,Cell phones and social media are really useful for society.,"Yes, cell phones and social media have made families closer.",cell_phones_and_social_media_improve_families,neutral
47,We can share all of our thought instantly.,"Yes, cell phones and social media have made families closer.",cell_phones_and_social_media_improve_families,neutral
48,We can share all of our thought instantly.,We can improve our day to day life a lot.,cell_phones_and_social_media_improve_families,neutral
49,"Taking the time to get to know someone, especially someone you plan to spend your whole life with, is critical.","Though some people may believe shorter time would be okay,",dating_before_engagement,neutral
50,"looking at the high rate of divorce,",People should date at least one year before getting engaged.,dating_before_engagement,neutral
51,Some people may be more comfortable with extended dating.,Therefore there's no simple hard and fast rule that suffices for this question.,dating_before_engagement,neutral
52,It takes at least this long to get to know each other on a level deeper than attraction.,"Christians who believe in waiting till marriage for sex could argue that it is better to marry sooner than to have premarital sex.  This may be true,",dating_before_engagement,neutral
53,They should use this time to learn of each others character and beliefs.,"Christians who believe in waiting till marriage for sex could argue that it is better to marry sooner than to have premarital sex.  This may be true,",dating_before_engagement,neutral
54,Families should get to know them as a couple as well.,"Christians who believe in waiting till marriage for sex could argue that it is better to marry sooner than to have premarital sex.  This may be true,",dating_before_engagement,neutral
55,but it also takes a much larger chance that the couple will actually be compatible in the long run.,People should date for at least 1 year before they become engaged.,dating_before_engagement,neutral
56,To do so will take time though.,I say they need to date at least one year.,dating_before_engagement,neutral
57,That will give them time to see the good and the bad.,I say they need to date at least one year.,dating_before_engagement,neutral
58,That will give them time to see the good and the bad.,People should get to know each other well before they become engaged.,dating_before_engagement,neutral
59,Fracking causing environmental problems such as polluting the water supply.,There are other sources of energy that are safer than using fracking.,fracking,neutral
60,Fracking causing environmental problems such as polluting the water supply.,Some may say that fracking is needed,fracking,neutral
61,"Also, fracking has been shown to destabilize the ground and cause earthquakes in the Midwest.",There are other sources of energy that are safer than using fracking.,fracking,neutral
62,"Also, fracking has been shown to destabilize the ground and cause earthquakes in the Midwest.",Some may say that fracking is needed,fracking,neutral
63,The chemicals used to get the gas out of the ground are not proven safe.,Some may say that fracking is needed,fracking,neutral
64,Some may say that fracking is needed,There are other sources of energy that are safer than using fracking.,fracking,neutral
65,and the questionable safety of fracking.,There are other sources of energy that are safer than using fracking.,fracking,neutral
66,One could argue that it's just a movie and you shouldn't let it affect your life.,"Yes, the expectations raised by romantic movies are damaging to real relationships.",romantic_movies_endanger_relationships,neutral
67,"When you spend your time watching unrealistic romantic movies, you start thinking it's reality.","Yes, the expectations raised by romantic movies are damaging to real relationships.",romantic_movies_endanger_relationships,neutral
68,"However, people can't always distinguish between the two.",You begin to resent your partner for not behaving the way they do in the movies. Women are especially prone to this.,romantic_movies_endanger_relationships,neutral
69,"However, people can't always distinguish between the two.","Yes, the expectations raised by romantic movies are damaging to real relationships.",romantic_movies_endanger_relationships,neutral
70,"Most people can tell the difference between reality and movies,","Yes, the expectations raised by romantic movies are damaging to real relationships.",romantic_movies_endanger_relationships,neutral
71,We have everyday responsibilities that you don't see in movies.,"Yes, the expectations raised by romantic movies are damaging to real relationships.",romantic_movies_endanger_relationships,neutral
72,We have mundane and boring moments and lots of them.,"Yes, the expectations raised by romantic movies are damaging to real relationships.",romantic_movies_endanger_relationships,neutral
73,I have a hard time believing too that in real life people that we would tend to be attracted to would even be closely comparable to a character in a movie.,"Yes, the expectations raised by romantic movies are damaging to real relationships.",romantic_movies_endanger_relationships,neutral
74,"It only shows the good, positive side of the relationship, not the genuine, real difficult times the couple goes through.","Romantic movies set high expectations for relationships, sometimes even unrealistic.",romantic_movies_endanger_relationships,neutral
75,It is undeniable that the space and resources of this planet are scarce.,"Yes, recycling really makes a difference.",influence_of_recycling,neutral
76,It also makes people feel like they are really making an impact on the environment by doing something that is very easy and doesn't take much time to do.,"One should always try to reuse, reduce and recycle anything that they can.",influence_of_recycling,neutral
77,one being we are using less energy by recycling then we use by producing new items.,"One should always try to reuse, reduce and recycle anything that they can.",influence_of_recycling,neutral
78,by keeping non-natural things out of it.,Recycling really does make a difference,influence_of_recycling,neutral
79,because they tend to cause distraction.,This causes further hindrance to safe driving,prohibition_of_phones_while_driving,neutral
80,because they tend to cause distraction.,as the driver ends up using just one hand instead of both hands on the steering wheel.,prohibition_of_phones_while_driving,neutral
81,Holding the cell phone in the hand while driving and talking causes attention to be diverted off the roads and traffic.,Car drivers should be prohibited from using cell phones,prohibition_of_phones_while_driving,neutral
82,Holding the cell phone in the hand while driving and talking causes attention to be diverted off the roads and traffic.,as the driver ends up using just one hand instead of both hands on the steering wheel.,prohibition_of_phones_while_driving,neutral
83,as the driver ends up using just one hand instead of both hands on the steering wheel.,Car drivers should be prohibited from using cell phones,prohibition_of_phones_while_driving,neutral
84,as the driver ends up using just one hand instead of both hands on the steering wheel.,because they tend to cause distraction.,prohibition_of_phones_while_driving,neutral
85,Cell phone usage could be limited to blue tooth only,because they tend to cause distraction.,prohibition_of_phones_while_driving,neutral
86,Cell phone usage could be limited to blue tooth only,This causes further hindrance to safe driving,prohibition_of_phones_while_driving,neutral
87,"Using a cell phone while driving distracts drivers from road hazards and the task at hand,","While the use of a mobile GPS can be necessary in many cases,",prohibition_of_phones_while_driving,neutral
88,potentially putting the driver and others on the road at risk of a serious accident.,"While the use of a mobile GPS can be necessary in many cases,",prohibition_of_phones_while_driving,neutral
89,"While the use of a mobile GPS can be necessary in many cases,",potentially putting the driver and others on the road at risk of a serious accident.,prohibition_of_phones_while_driving,neutral
90,"ultimately, the cons of using cells when driving outweigh this value.",potentially putting the driver and others on the road at risk of a serious accident.,prohibition_of_phones_while_driving,neutral
91,"ultimately, the cons of using cells when driving outweigh this value.",Driving while using cell phones is dangerous.,prohibition_of_phones_while_driving,neutral
92,A vehicle can be a lethal weapon if used carelessly.,"Some may say that just talking in a car while driving is a distraction, even without holding a cell phone;",prohibition_of_phones_while_driving,neutral
93,"Some may say that just talking in a car while driving is a distraction, even without holding a cell phone;",A vehicle can be a lethal weapon if used carelessly.,prohibition_of_phones_while_driving,neutral
94,"however, anything that helps keep a driver's attention on driving, is a positive.",A vehicle can be a lethal weapon if used carelessly.,prohibition_of_phones_while_driving,neutral
95,Not allowing driver to talk on their cell phones will prevent many accidents and tragedies.,"Some may say that just talking in a car while driving is a distraction, even without holding a cell phone;",prohibition_of_phones_while_driving,neutral
96,"but the truth of the matter is, driving needs the driver's full attention.",Any caught driving while operating a cell phone should be punished with steep fines.,prohibition_of_phones_while_driving,neutral
97,"but the truth of the matter is, driving needs the driver's full attention.","Being distracting by one's cell phone can significantly increase the chances of getting into a major car accident, cause harm to the driver, their passengers and other motorists on the road.",prohibition_of_phones_while_driving,neutral
98,"No matter who good a driver you might think you are, and you may feel that your paying attention well enough,",Any caught driving while operating a cell phone should be punished with steep fines.,prohibition_of_phones_while_driving,neutral
99,Using a cell phone while driving is extremely dangerous.,"Some people might argue that they could miss an important call while driving,",prohibition_of_phones_while_driving,neutral
100,"Any time a driver is focused on a handheld device, they are not paying attention to the road.","Some people might argue that they could miss an important call while driving,",prohibition_of_phones_while_driving,neutral
101,"Some people might argue that they could miss an important call while driving,",Using a cell phone while driving is extremely dangerous.,prohibition_of_phones_while_driving,neutral
102,but it is far better to pull to the side of the road and take the call rather than to keep driving.,Using a cell phone while driving is extremely dangerous.,prohibition_of_phones_while_driving,neutral
103,The idea of saving wildlife and gaining money from the recycling products would be expected to outweigh the negative aspect of having to use gas actually recycle.,All states should adopt a deposit on soft dring bottles and cans in order to promote recycling.,promote_recycling_by_bottle_deposit,neutral
104,I regularly see people bringing huge amounts of bottles and cans to grocery stores to recycle them.,This has also become a source of income for homeless people.,promote_recycling_by_bottle_deposit,neutral
105,"While I do not have exact statistics on the topic,",This has also become a source of income for homeless people.,promote_recycling_by_bottle_deposit,neutral
106,The five or ten cent deposit is noticeable and serves as a reminder of recycling during checkout.,All states should adopt a deposit on soft drink bottles and cans,promote_recycling_by_bottle_deposit,neutral
107,Recycling is vital,The five or ten cent deposit is noticeable and serves as a reminder of recycling during checkout.,promote_recycling_by_bottle_deposit,neutral
108,"Protecting our environment is crucial to combating climate change,",It is also a benefit as it encourages people to go to stores to recycle,promote_recycling_by_bottle_deposit,neutral
109,one small change is to promote the recycling of soft drink bottles and cans.,It is also a benefit as it encourages people to go to stores to recycle,promote_recycling_by_bottle_deposit,neutral
110,"This is a simple way to reuse plastic and other materials, to decrease the amount of gas that it harvested.",you encourage people to pick these cans up along the road,promote_recycling_by_bottle_deposit,neutral
111,"This is a simple way to reuse plastic and other materials, to decrease the amount of gas that it harvested.",It is also a benefit as it encourages people to go to stores to recycle,promote_recycling_by_bottle_deposit,neutral
112,you encourage people to pick these cans up along the road,It is also a benefit as it encourages people to go to stores to recycle,promote_recycling_by_bottle_deposit,neutral
113,thus creating a cleaner environment.,one small change is to promote the recycling of soft drink bottles and cans.,promote_recycling_by_bottle_deposit,neutral
114,thus creating a cleaner environment.,It is also a benefit as it encourages people to go to stores to recycle,promote_recycling_by_bottle_deposit,neutral
115,It is also a benefit as it encourages people to go to stores to recycle,one small change is to promote the recycling of soft drink bottles and cans.,promote_recycling_by_bottle_deposit,neutral
116,and encouraging economic growth.,one small change is to promote the recycling of soft drink bottles and cans.,promote_recycling_by_bottle_deposit,neutral
117,and encouraging economic growth.,It is also a benefit as it encourages people to go to stores to recycle,promote_recycling_by_bottle_deposit,neutral
118,it would help the environment,and clean up the roads.,promote_recycling_by_bottle_deposit,neutral
119,The items you can make from recycling are good for the environment,and clean up the roads.,promote_recycling_by_bottle_deposit,neutral
120,Social media has allowed teenagers a constant way to communicate with each other,as well as an easy way to find new potential friends.,social_media_improves_teenager_lives,neutral
121,Numerous people meet new people everyday using platforms such as Facebook and Twitter from the comfort of their own homes.,"All in all, I would definitely say that social media has improved the life of teenagers.",social_media_improves_teenager_lives,neutral
122,Social Media also allows teenagers to get a look at someone's life before learning more about them.,as well as an easy way to find new potential friends.,social_media_improves_teenager_lives,neutral
123,Some social media platforms even make money for teenagers if they have enough followers.,as well as an easy way to find new potential friends.,social_media_improves_teenager_lives,neutral
124,They can use social media to gather important information from friends and families to enhance the academic abilities.,"Social media has improved the lives of teenagers,",social_media_improves_teenager_lives,neutral
125,"Teenagers have the opportunity to engage with teachers, professors and leaders to gain great knowledge for their academic studies.","Social media has improved the lives of teenagers,",social_media_improves_teenager_lives,neutral
126,"Social bullying is a rampant issue,",specifically because they are not yet developed enough to handle it.,social_media_improves_teenager_lives,neutral
127,but because there are no limits teens often wind up spending more time in that virtual world than in the real world.,specifically because they are not yet developed enough to handle it.,social_media_improves_teenager_lives,neutral
128,but the simple fact remains that young people today can find it easier to find like-minded others and new friends who share even uncommon interests.,Social media has improved the lives of teenagers.,social_media_improves_teenager_lives,neutral
129,but the simple fact remains that young people today can find it easier to find like-minded others and new friends who share even uncommon interests.,"Though many point out the dangers of online bullying or even adult predators,",social_media_improves_teenager_lives,neutral
130,They can reach out for support or camaraderie at pretty much any time rather than being limited to time spent physically with others their own age.,"Though many point out the dangers of online bullying or even adult predators,",social_media_improves_teenager_lives,neutral
131,They can share what matters to them and feel validation that adolescents in the past may have been unable to find.,"Though many point out the dangers of online bullying or even adult predators,",social_media_improves_teenager_lives,neutral
132,First it has seemingly kept children from many real life interactions and confined them to the front of a computer screen or cell phone.,Also it has redefined the term 'friend' and therefor friendship.,social_media_improves_teenager_lives,neutral
133,and they pollute the environment.,There are those who would say that not everyone can afford reusable bags,charge_for_plastic_bags,neutral
134,The problem with plastic bags is they are not biodegradable,but that is not a valid argument,charge_for_plastic_bags,neutral
135,to provide an incentive for using them.,and they pollute the environment.,charge_for_plastic_bags,neutral
136,to provide an incentive for using them.,There are those who would say that not everyone can afford reusable bags,charge_for_plastic_bags,neutral
137,There are those who would say that not everyone can afford reusable bags,and they pollute the environment.,charge_for_plastic_bags,neutral
138,but that is not a valid argument,and they pollute the environment.,charge_for_plastic_bags,neutral
139,because the plastic bags will still be available for only a few pennies.,and they pollute the environment.,charge_for_plastic_bags,neutral
140,This charge could help people remember and consider the idea of using 'free' reusable bags.,"But also, the fee for the plastic bags could go towards the cost of recycling the bags.",charge_for_plastic_bags,neutral
141,"But if the fee was small, it wouldn't be too bad for those who forgot their reusable bags, or have their reasons for using plastic each time.","But also, the fee for the plastic bags could go towards the cost of recycling the bags.",charge_for_plastic_bags,neutral
142,They could add a program for collecting clean used bags.,I think that supermarkets should charge a small amount for plastic bags.,charge_for_plastic_bags,neutral
143,Its very harmful and spoils the Nature and anything in its contact.,Definitely supermarkets should charge for plastic bags.,charge_for_plastic_bags,neutral
144,Many people reuse the plastic bags after they return from the store.,"Using reusable bags is good for the environment,",charge_for_plastic_bags,neutral
145,The approximately one trillion plastic bags used annually across the world pose a serious threat to various animals,Supermarkets should charge for plastic bags,charge_for_plastic_bags,neutral
146,The approximately one trillion plastic bags used annually across the world pose a serious threat to various animals,"Although alternatives like paper and cotton reusable bags potentially create a negative impact greater than plastic bags,",charge_for_plastic_bags,neutral
147,and a long term environmental menace.,Supermarkets should charge for plastic bags,charge_for_plastic_bags,neutral
148,a well-informed and properly motivated population can significantly reduce environmental hazards.,Supermarkets should charge for plastic bags,charge_for_plastic_bags,neutral
149,Existing disposable plastic bags aren't going anywhere any time soon,"Although alternatives like paper and cotton reusable bags potentially create a negative impact greater than plastic bags,",charge_for_plastic_bags,neutral
150,since it takes up to a 1000 years for one to breakdown.,"Although alternatives like paper and cotton reusable bags potentially create a negative impact greater than plastic bags,",charge_for_plastic_bags,neutral
151,One could argue that a supermarket charging for plastic bags would cause them to lose customers who might shop somewhere else that doesn't charge.,There is also the environmental concern that plastic bags harm the environment.,charge_for_plastic_bags,neutral
152,A simple internet search reveals that there are ways to recycle plastic bags if your curbside program doesn't allow them.,Supermarkets should not charge for plastic bags.,charge_for_plastic_bags,neutral
153,A simple internet search reveals that there are ways to recycle plastic bags if your curbside program doesn't allow them.,There is also the environmental concern that plastic bags harm the environment.,charge_for_plastic_bags,neutral
154,"Lets put the burden on the consumer, not the retailer.",There is also the environmental concern that plastic bags harm the environment.,charge_for_plastic_bags,neutral
155,"Lets put the burden on the consumer, not the retailer.",I believe that proper disposal of plastic bags solves the problem without creating a financial hardship for the retailer.,charge_for_plastic_bags,neutral
156,The proof is the increase in violent crimes,"Violent video games do increase violent behavior, especially in young children.",violent_video_games_cause_violence,neutral
157,and increase in school shootings.,"Violent video games do increase violent behavior, especially in young children.",violent_video_games_cause_violence,neutral
158,There are those that say that violence in video games exposes children to hurting people which could cause them to act those things out in reality.,"In fact, I believe the evidence shows that the opposite is the case.",violent_video_games_cause_violence,neutral
159,I disagree.,Violent video games do not cause people to act out violently.,violent_video_games_cause_violence,neutral
160,"In fact, I believe the evidence shows that the opposite is the case.",Violent video games do not cause people to act out violently.,violent_video_games_cause_violence,neutral
161,"In fact, I believe the evidence shows that the opposite is the case.",There are those that say that violence in video games exposes children to hurting people which could cause them to act those things out in reality.,violent_video_games_cause_violence,neutral
162,"Children, especially young boys who have an outlet for the expression that involves simulated events and not real ones helps them to learn about and work through important themes like violence.",There are those that say that violence in video games exposes children to hurting people which could cause them to act those things out in reality.,violent_video_games_cause_violence,neutral
163,but they are more violent overall.,"Video games do cause people, especially impressionable teens, to act more violent.",violent_video_games_cause_violence,neutral
164,"When they compare the games and the excitement of the violence and gore to their real lives, it makes them crave that same level of intensity which makes them act out.","Video games do cause people, especially impressionable teens, to act more violent.",violent_video_games_cause_violence,neutral
165,violent video games cause people to watch and participate in imaginary scenarios.,some may argue that television and movies also cause people to act violently.,violent_video_games_cause_violence,neutral
166,No studies have shown that.,"Perhaps violent people are drawn to violent games,",violent_video_games_cause_violence,neutral
167,It causes a type of stimulation that can trigger a violent reaction.,"Thus, if an individual constantly plays violent video game this may trigger an improper reaction.",violent_video_games_cause_violence,neutral
168,"For example, there is a certain area in the brain that can malfunction and cause adverse reactions.","Thus, if an individual constantly plays violent video game this may trigger an improper reaction.",violent_video_games_cause_violence,neutral
169,"For example, there is a certain area in the brain that can malfunction and cause adverse reactions.",Violent games cause people to react in an uncertain manner.,violent_video_games_cause_violence,neutral
170,but cannot in and of themselves cause violence.,Violent video games do not themselves cause people to act out violently.,violent_video_games_cause_violence,neutral
171,A violent person will seek out justification and violence in whatever forms exist.,"Video games may contribute to the overall mindset of a violent person who acts out violently,",violent_video_games_cause_violence,neutral
172,"but is only one factor among a whole host of factors leading to violence, the most important of which is individual choice.",Violent video games do not themselves cause people to act out violently.,violent_video_games_cause_violence,neutral
173,"but is only one factor among a whole host of factors leading to violence, the most important of which is individual choice.","Video games may contribute to the overall mindset of a violent person who acts out violently,",violent_video_games_cause_violence,neutral
174,"Although they can be an interesting and captivating teaching tool when used in moderation,",but they also have the tendency to become addicted to these video games.,video_games_as_teaching_tools,neutral
175,Excessive use of video games damages children's ability to interact in real life situations.,but they also have the tendency to become addicted to these video games.,video_games_as_teaching_tools,neutral
176,"Not only do kids lose the ability to socialize face to face,",but they also have the tendency to become addicted to these video games.,video_games_as_teaching_tools,neutral
177,"Such addiction to video games can open the door to other, more damaging addictions, such as drugs, alcohol, tobacco, and pornography.","if video games are too heavily relied on in the classroom, it can ultimately be damaging to our society.",video_games_as_teaching_tools,neutral
178,Videogames hurt the eyes of children,They will not learn as much,video_games_as_teaching_tools,neutral
179,and can be violent.,"Some might say that video games will get the attention of these students,",video_games_as_teaching_tools,neutral
180,They will view school time as entertainment and not as serious.,Schools should not use video games as a teaching tool.,video_games_as_teaching_tools,neutral
181,They will view school time as entertainment and not as serious.,and will not succeed because of these video games.,video_games_as_teaching_tools,neutral
182,They will view school time as entertainment and not as serious.,"Some might say that video games will get the attention of these students,",video_games_as_teaching_tools,neutral
183,They will not learn as much,Schools should not use video games as a teaching tool.,video_games_as_teaching_tools,neutral
184,They will not learn as much,"Some might say that video games will get the attention of these students,",video_games_as_teaching_tools,neutral
185,but I think that this opinion is a myth and is not based in fact.,Schools should not use video games as a teaching tool.,video_games_as_teaching_tools,neutral
186,but I think that this opinion is a myth and is not based in fact.,They will not learn as much,video_games_as_teaching_tools,neutral
187,but I think that this opinion is a myth and is not based in fact.,and will not succeed because of these video games.,video_games_as_teaching_tools,neutral
188,"This ensures something good is being gained from video games in school, and technology is well-utilized.",Video games are much more than just having fun and goofing off.,video_games_as_teaching_tools,neutral
189,"Many games can teach people several skills without even realizing it, such as planning ahead, patience and persistence, efficiency, and more.","If games were actually tailored to the learning aspect, they could still be seriously fun (and have super cool graphics), but require a skill - like math or grammar - to be learned, to win the game.",video_games_as_teaching_tools,neutral
190,"but kids sometimes tire of that quickly, and they need something to hold their attention.",Video games can definitely be used as a positive tool in schools to help teachers teach.,video_games_as_teaching_tools,neutral
191,"Adding technology of any kind, even computers, hasn't improved national test scores.",Some would argue that schools need more money to spend on this kind of creative approach.,video_games_as_teaching_tools,neutral
192,"Spending more money, hasn't improved national test scores though.","People are always trying to think of innovative ways to improve schools, adding video games is now one of them. This makes little sense, however.",video_games_as_teaching_tools,neutral
193,"In the long run, improved test scores and student performance comes from the basics: reading, writing, arithmetic, and especially discipline in the classroom.",Some would argue that schools need more money to spend on this kind of creative approach.,video_games_as_teaching_tools,neutral
194,Learning comes from hard work; there's no way to sugar-coat it with fun video games.,Some would argue that schools need more money to spend on this kind of creative approach.,video_games_as_teaching_tools,neutral
195,Learning comes from hard work; there's no way to sugar-coat it with fun video games.,"Spending more money, hasn't improved national test scores though.",video_games_as_teaching_tools,neutral
196,"Qualified teachers, actually teaching students is what's necessary.",Some would argue that schools need more money to spend on this kind of creative approach.,video_games_as_teaching_tools,neutral
197,"Qualified teachers, actually teaching students is what's necessary.","Spending more money, hasn't improved national test scores though.",video_games_as_teaching_tools,neutral
198,"The major one being that they have a longer life than traditional light bulbs, thus making an impact on the environment.","This initial investment, though, far outweighs the negative effects",LED_lights_reduce_energy,neutral
199,"This initial investment, though, far outweighs the negative effects",There are many benefits to using LED lights.,LED_lights_reduce_energy,neutral
200,when you think about the savings you will incur in the future in energy bills,There are many benefits to using LED lights.,LED_lights_reduce_energy,neutral
201,and not having replace light bulbs as frequently.,There are many benefits to using LED lights.,LED_lights_reduce_energy,neutral
202,But we all need to do our part. Some feel it is too small an impact to matter,Using LED lights can make a positive impact on energy consumption.,LED_lights_reduce_energy,neutral
203,Every light we use makes a tiny difference so full scale conversion to LED lights can have a vast impact in aggregate.,Some feel it is too small an impact to matter,LED_lights_reduce_energy,neutral
204,but you have to look beyond your personal contribution and view the savings in aggregate.,Using LED lights can make a positive impact on energy consumption.,LED_lights_reduce_energy,neutral
205,Most studies show that LED lights tend to consume less energy for the same amount of light emitted.,"It might be argued that some people could end up using LED lights more heavily because knowing that they are less expensive to operate,",LED_lights_reduce_energy,neutral
206,They are generally considered to be much more efficient than incandescent light bulbs for example.,"It might be argued that some people could end up using LED lights more heavily because knowing that they are less expensive to operate,",LED_lights_reduce_energy,neutral
207,"but it's generally understood that people don't necessarily increase their lighting uses easily, it's something that tends to remain stable.","So it seems logical to think that LED lights would indeed make a difference, that is they would decrease, our energy consumption.",LED_lights_reduce_energy,neutral
208,They use 25 to 80 percent less power.,"By swapping out all light bulbs in your home or business with LED lights, you should see a noticeable drop in energy consumption.",LED_lights_reduce_energy,neutral
209,They use 25 to 80 percent less power.,LED lights do cost more than traditional incandescent bulbs.,LED_lights_reduce_energy,neutral
210,"They also can last for years, meaning they will not need to be replaced as often.","But in the long run, they will help save energy.",LED_lights_reduce_energy,neutral
211,"They also can last for years, meaning they will not need to be replaced as often.",LED lights do cost more than traditional incandescent bulbs.,LED_lights_reduce_energy,neutral
212,"But in the long run, they will help save energy.","By swapping out all light bulbs in your home or business with LED lights, you should see a noticeable drop in energy consumption.",LED_lights_reduce_energy,neutral
213,as physical media offers many benefits not shared by it's digital counterpart.,"Some say that digital storage is more secure than physical storage,",books_obsolete,neutral
214,as physical media offers many benefits not shared by it's digital counterpart.,"but there are many security issues with files stored on computers that are not shared by physical files,",books_obsolete,neutral
215,Things printed on paper can be viewed without any access to electricity.,"but there are many security issues with files stored on computers that are not shared by physical files,",books_obsolete,neutral
216,Many people also experience discomfort when reading from a computer display for long periods.,"Some say that digital storage is more secure than physical storage,",books_obsolete,neutral
217,Many people also experience discomfort when reading from a computer display for long periods.,"but there are many security issues with files stored on computers that are not shared by physical files,",books_obsolete,neutral
218,"Some say that digital storage is more secure than physical storage,",as physical media offers many benefits not shared by it's digital counterpart.,books_obsolete,neutral
219,such as the threat of hacking.,This is very unlikely to happen,books_obsolete,neutral
220,such as the threat of hacking.,as physical media offers many benefits not shared by it's digital counterpart.,books_obsolete,neutral
221,such as the threat of hacking.,"Some say that digital storage is more secure than physical storage,",books_obsolete,neutral
222,Some believe that with the coming of computers and digital books paper and traditionally printed books will soon become obsolete.,"Some say that digital storage is more secure than physical storage,",books_obsolete,neutral
223,Some believe that with the coming of computers and digital books paper and traditionally printed books will soon become obsolete.,"but there are many security issues with files stored on computers that are not shared by physical files,",books_obsolete,neutral
224,"While lots of people have really enjoyed all the technology around being able to read electronically,","Most of these people are probably older so as the older generation dies, paper books will become more obsolete.",books_obsolete,neutral
225,"However, due to funding I don't think that schools and colleges will ever be able to go fully electronic.",So there will always be paper books out there.,books_obsolete,neutral
226,"However, due to funding I don't think that schools and colleges will ever be able to go fully electronic.","While lots of people have really enjoyed all the technology around being able to read electronically,",books_obsolete,neutral
227,"However, due to funding I don't think that schools and colleges will ever be able to go fully electronic.",lots of people will always prefer books.,books_obsolete,neutral
228,"Most of these people are probably older so as the older generation dies, paper books will become more obsolete.","While lots of people have really enjoyed all the technology around being able to read electronically,",books_obsolete,neutral
229,"Readers, especially avid ones, are often drawn to the physical presence of literature as much as its content.",it is unlikely that paper books will become obsolete in the future.,books_obsolete,neutral
230,Many voracious readers love to hold books,"It could be argued that e-books are more convenient, and that is true.",books_obsolete,neutral
231,"However, the experience of reading a book is far more than just the information we get from it.",Paper books are a joy to read. Electronic books can never replace this feeling.,books_obsolete,neutral
232,making it inconvenient in many situations.,giving it a huge disadvantage compared to storing information digitally.,books_obsolete,neutral
233,"Paper can deteriorate if improperly stored,",giving it a huge disadvantage compared to storing information digitally.,books_obsolete,neutral
234,"Paper products also cannot be accessed remotely,",making it inconvenient in many situations.,books_obsolete,neutral
235,Composting is a good way to reduce your household waste,One drawback of composting is that not all material is beneficial to the environment.,composting_helps_environment,neutral
236,People think it's difficult to compost.,Landfill waste is bad for the environment.,composting_helps_environment,neutral
237,"But, it's not when you have a separate bin just for composting.",Landfill waste is bad for the environment.,composting_helps_environment,neutral
238,Food waste is taking up too much space as landfill.,People think it's difficult to compost.,composting_helps_environment,neutral
239,Food waste is taking up too much space as landfill.,Landfill waste is bad for the environment.,composting_helps_environment,neutral
240,It takes up so much space and makes it useless.,Composting can help save the environment.,composting_helps_environment,neutral
241,It takes up so much space and makes it useless.,People think it's difficult to compost.,composting_helps_environment,neutral
242,because composting reduces greenhouse gases.,There can be a downside with composting due to runoff,composting_helps_environment,neutral
243,Composting also helps to replenish soil with critical minerals and nutrients that lead to better soil quality.,There can be a downside with composting due to runoff,composting_helps_environment,neutral
244,Another benefit of composting is that it helps to keep food scraps out of landfills.,There can be a downside with composting due to runoff,composting_helps_environment,neutral
245,as some composting materials contain heavy metals,Composting can help the environment,composting_helps_environment,neutral
246,"Overall, composting has multiple benefits that will all contribute in aggregate toward helping our environment.",There can be a downside with composting due to runoff,composting_helps_environment,neutral
247,Composting is the best way to mitigate the loss,and turn it into a highly beneficial fertilizer.,composting_helps_environment,neutral
248,There is some consideration required to consider the logistics of composting,and turn it into a highly beneficial fertilizer.,composting_helps_environment,neutral
249,since it takes a good amount space,Composting can be very beneficial for our environment.,composting_helps_environment,neutral
250,since it takes a good amount space,and turn it into a highly beneficial fertilizer.,composting_helps_environment,neutral
251,"and can, but not always, produce an odor.",since it takes a good amount space,composting_helps_environment,neutral
252,"However, any space required is more than offset by the reduction of material sent to landfills.",Composting can be very beneficial for our environment.,composting_helps_environment,neutral
253,"However, any space required is more than offset by the reduction of material sent to landfills.",and turn it into a highly beneficial fertilizer.,composting_helps_environment,neutral
254,but you can still game on it and watch television.,Smart watches are going to replace cell phones.,smart_watches_replace_cell_phones,neutral
255,"But for someone like me who has really bad eye, you can't see the smaller text.",Smart watches won't replace cell phones.,smart_watches_replace_cell_phones,neutral
256,"Or, for someone who is clumsy like myself and is always bumping into things, the watch is destined to break.",Smart watches won't replace cell phones.,smart_watches_replace_cell_phones,neutral
257,The pollution will have enough of an impact on my health that will negate any benefits from working there.,"Regardless of a good job offer, I would not live in Beijing.",life_in_dirty_city_if_good_job,neutral
258,Add to that the social and political limitations,"Regardless of a good job offer, I would not live in Beijing.",life_in_dirty_city_if_good_job,neutral
259,In order to combat this I purchased a mask in order to remain healthier in these situations.,I would consider living in a city like Beijing if offered a job there.,life_in_dirty_city_if_good_job,neutral
260,Pollution can cause respiratory disease such as emphysema and asthma.,No I would not live in a high-pollution city,life_in_dirty_city_if_good_job,neutral
261,"In addition, lung damage can be done by inhaling all that dirt.",No I would not live in a high-pollution city,life_in_dirty_city_if_good_job,neutral
262,There are many more cons versus pros in this situation.,because of the effects on one's health.,life_in_dirty_city_if_good_job,neutral
263,I do not think a high paying job would be worth it if it either messed me up for life or caused my life to end early because of the high rate of pollution.,"I might want to move there to be closer to Japan and have a high paying job,",life_in_dirty_city_if_good_job,neutral
264,I have not seen or even heard of China working to lower or rid the city of its problem.,I would be too worried about my health to move to Beijing.,life_in_dirty_city_if_good_job,neutral
265,I have not seen or even heard of China working to lower or rid the city of its problem.,"I might want to move there to be closer to Japan and have a high paying job,",life_in_dirty_city_if_good_job,neutral
266,but in the end it wouldn't be worth it.,I would be too worried about my health to move to Beijing.,life_in_dirty_city_if_good_job,neutral
267,but in the end it wouldn't be worth it.,I do not think a high paying job would be worth it if it either messed me up for life or caused my life to end early because of the high rate of pollution.,life_in_dirty_city_if_good_job,neutral
268,I would only be contributing to the pollution problem by adding myself and my family.,Living in a city where pollution is an excessive problem is not a good idea.,life_in_dirty_city_if_good_job,neutral
269,"One could argue that having a job that pays well would outweigh any negative impacts to the environment,",Living in a city where pollution is an excessive problem is not a good idea.,life_in_dirty_city_if_good_job,neutral
270,and that supporting oneself and one's family is more important than protecting the environment.,Living in a city where pollution is an excessive problem is not a good idea.,life_in_dirty_city_if_good_job,neutral
271,and that supporting oneself and one's family is more important than protecting the environment.,"Even if good employment was secured,",life_in_dirty_city_if_good_job,neutral
272,"However, I believe it is everyone's responsibility to act in a way that protects our environment for our future generations.",Living in a city where pollution is an excessive problem is not a good idea.,life_in_dirty_city_if_good_job,neutral
273,"However, I believe it is everyone's responsibility to act in a way that protects our environment for our future generations.","Even if good employment was secured,",life_in_dirty_city_if_good_job,neutral
274,The chances of anything untoward happening to a nuclear facility are also slim.,"It has been proven, over six decades, to have a minimal impact on the environment,",nuclear_energy_safe,neutral
275,but there have been relatively few fatalities associated with it.,"It has been proven, over six decades, to have a minimal impact on the environment,",nuclear_energy_safe,neutral
276,Nuclear energy has been used for years with very few major issues.,"However, it is dirty and damages the environment.",nuclear_energy_safe,neutral
277,It is cheap to produce,"However, it is dirty and damages the environment.",nuclear_energy_safe,neutral
278,There are many safeguards in place at power plants to prevent accidents.,The benefits of nuclear energy outweigh the risks.,nuclear_energy_safe,neutral
279,It's rare to have a nuclear power plant accident.,The benefits of nuclear energy outweigh the risks.,nuclear_energy_safe,neutral
280,It is toxic,There is no way to handle nuclear waste responsibly.,responsible_handling_of_nuclear_waste,neutral
281,"It could be handled """"responsibly"""" for a time, possibly even a long time,",Eventually there will be a leak or some other disastrous scenario,responsible_handling_of_nuclear_waste,neutral
282,"If nuclear waste were to get in the wrong hands, (ex. terrorist) the results could be catastrophic.",The risk of contamination by far outweighs any economical advantage that creates nuclear waste.,responsible_handling_of_nuclear_waste,neutral
283,It is very radioactive,hence hard to handle it responsibly.,responsible_handling_of_nuclear_waste,neutral
284,It's considered a high level waste.,hence hard to handle it responsibly.,responsible_handling_of_nuclear_waste,neutral
285,The trash needs to go somewhere.,"Landfills are nasty and toxic, this is reasonably true.",trash_in_landfills,neutral
286,The garbage needs to be dumped somewhere.,"Landfills are nasty and toxic, this is reasonably true.",trash_in_landfills,neutral
287,"There are places in the world without landfills, and they suck.","Landfills are nasty and toxic, this is reasonably true.",trash_in_landfills,neutral
288,because they cause a lot of pollution and run off.,It also takes up a ton of space and acreage.,trash_in_landfills,neutral
289,Landfills also produce a lot of odor,It also takes up a ton of space and acreage.,trash_in_landfills,neutral
290,Landfills also produce a lot of odor,"However, apparently the thought that we are running out of landfill space is not true.",trash_in_landfills,neutral
291,"However, apparently the thought that we are running out of landfill space is not true.",Landfills are bad for handling our trash,trash_in_landfills,neutral
292,"That being said, they still are not the best way of handling our trash.",Landfills are bad for handling our trash,trash_in_landfills,neutral
293,"That being said, they still are not the best way of handling our trash.",It also takes up a ton of space and acreage.,trash_in_landfills,neutral
294,Government regulation is a powerful and influential entity.,"If regulated, solar energy has the potential to solve energy problems.",government_regulation_increases_solar_energy,neutral
295,Though force creates resistance from individuals and corporations.,"If regulated, solar energy has the potential to solve energy problems.",government_regulation_increases_solar_energy,neutral
296,Solar energy is an untapped resource in many areas of the world.,By either enforcing or encouraging solar energy use government may be a driving force.,government_regulation_increases_solar_energy,neutral
297,Energy companies in the U.S. are privately owned and make their choices based on what is economically feasible.,"Government can pass regulations to make wind energy more inviting to investors and businesses,",government_regulation_increases_solar_energy,neutral
298,Without regulation companies will not use it.,The government can regulate electric companies so that they have to incorporate more wind energy into their plans. By forcing them to use wind energy this will indeed speed it up.,government_regulation_increases_solar_energy,neutral
299,Without regulation companies will not use it.,There are those that say that government regulation always comes with too much red tape and inevitably slows progress.,government_regulation_increases_solar_energy,neutral
300,as it provides incentives for using wind energy,"The world must reduce its reliance on fossil fuels as a main source of energy,",government_regulation_increases_solar_energy,neutral
301,"and penalties for relying on other, more polluting forms of energy.",Wind energy is a viable form of alternative energy production that should be encouraged in use.,government_regulation_increases_solar_energy,neutral
302,"and penalties for relying on other, more polluting forms of energy.","The world must reduce its reliance on fossil fuels as a main source of energy,",government_regulation_increases_solar_energy,neutral
303,as fossil fuel is finite,Wind energy is a viable form of alternative energy production that should be encouraged in use.,government_regulation_increases_solar_energy,neutral
304,and it's use causes widespread damage to the environment.,"Government regulation is important for this,",government_regulation_increases_solar_energy,neutral
305,and it's use causes widespread damage to the environment.,Wind energy is a viable form of alternative energy production that should be encouraged in use.,government_regulation_increases_solar_energy,neutral
306,"Another option of alternate energy, nuclear power, has its own environmental and safety risks that make it non-viable as a main source of power.","Government regulation is important for this,",government_regulation_increases_solar_energy,neutral
307,"Another option of alternate energy, nuclear power, has its own environmental and safety risks that make it non-viable as a main source of power.","The world must reduce its reliance on fossil fuels as a main source of energy,",government_regulation_increases_solar_energy,neutral
308,"Wind energy, along with other types of energy such as solar power, is self-renewing, clean, and relatively safe for both people and the surrounding ecosystems.","Government regulation is important for this,",government_regulation_increases_solar_energy,neutral
309,"Wind energy, along with other types of energy such as solar power, is self-renewing, clean, and relatively safe for both people and the surrounding ecosystems.","The world must reduce its reliance on fossil fuels as a main source of energy,",government_regulation_increases_solar_energy,neutral
310,"However, not having your partner with you all of the time can cause strain in even the best relationships.","For the most part, I think long distance relationships work for a short time, but in the long run, no.",long_distance_relationships,neutral
311,There are many opportunities for people in long distance relationships to engage in risky behavior with people who are not their partner due to the distance.,Many people say that long distance relationships work as well as regular relationships,long_distance_relationships,neutral
312,but that has yet to be proven.,Long distance relationships on average do not work.,long_distance_relationships,neutral
313,"However, with some counselling and support they can recover from it.",Kids can recover from a divorce.,kids_recovery_from_divorce,neutral
314,"It is often more beneficial to have two parents in the household,",but it is an event they can recover from.,kids_recovery_from_divorce,neutral
315,"It is often more beneficial to have two parents in the household,","Divorce can be devastating to children in the family,",kids_recovery_from_divorce,neutral
316,"however, if the marriage is unhappy, divorce would be better for all members of the family.",but it is an event they can recover from.,kids_recovery_from_divorce,neutral
317,Children are resilient and can often bounce back from traumatic events quicker and more easily than adults.,"As long as the kids are provided with a stable home life, divorce does not have to be an enormous trauma from which there is no recovering.",kids_recovery_from_divorce,neutral
318,Children are resilient and can often bounce back from traumatic events quicker and more easily than adults.,"It is often more beneficial to have two parents in the household,",kids_recovery_from_divorce,neutral
319,Children are resilient and can often bounce back from traumatic events quicker and more easily than adults.,"Divorce can be devastating to children in the family,",kids_recovery_from_divorce,neutral
320,"Divorce can be devastating to children in the family,","It is often more beneficial to have two parents in the household,",kids_recovery_from_divorce,neutral
321,but it is an event they can recover from.,"It is often more beneficial to have two parents in the household,",kids_recovery_from_divorce,neutral
322,and it creates a lower economic living too,Among other things it also causes stress for the children of the couple,teenage_marriage,neutral
323,as on average they are not college educated.,Among other things it also causes stress for the children of the couple,teenage_marriage,neutral
324,Among other things it also causes stress for the children of the couple,and it creates a lower economic living too,teenage_marriage,neutral
325,as there is often conflict due to not taking proper time to ensure compatibility,and it creates a lower economic living too,teenage_marriage,neutral
326,Teenage marriage often ends in divorce.,and it creates a lower economic living too,teenage_marriage,neutral
327,Teenage marriage often ends in divorce.,Among other things it also causes stress for the children of the couple,teenage_marriage,neutral
328,Teenage marriages could be a good idea if both people truly love one another.,Teenage marriage would most certainty cause a shake up in our society today.,teenage_marriage,neutral
329,"People should have the right to marry whomever they choose to, whenever they choose to.",Teenage marriages is not a good idea.,teenage_marriage,neutral
330,"People should have the right to marry whomever they choose to, whenever they choose to.",Teenage marriage would most certainty cause a shake up in our society today.,teenage_marriage,neutral
331,"However, this is a very young age, and a teenager's decision making is not up to par with an adults.",Teenage marriages is not a good idea.,teenage_marriage,neutral
332,"However, this is a very young age, and a teenager's decision making is not up to par with an adults.",Teenage marriages could be a good idea if both people truly love one another.,teenage_marriage,neutral
333,"However, this is a very young age, and a teenager's decision making is not up to par with an adults.",Teenage marriage would most certainty cause a shake up in our society today.,teenage_marriage,neutral
334,"Teenage marriage would most likely make a already high divorce rate, even higher.",Teenage marriages could be a good idea if both people truly love one another.,teenage_marriage,neutral
335,"Teenage marriage would most likely make a already high divorce rate, even higher.",Teenage marriage would most certainty cause a shake up in our society today.,teenage_marriage,neutral
336,"If teenagers were allowed to marry one another, you would probably see many more kids getting married before even graduating high school!",Teenage marriages could be a good idea if both people truly love one another.,teenage_marriage,neutral
337,Teenage marriage would most certainty cause a shake up in our society today.,Teenage marriages could be a good idea if both people truly love one another.,teenage_marriage,neutral
338,People change as they get older and find themselves.,and as a teenager you do not have the level required to make a marriage work.,teenage_marriage,neutral
339,Confidence is a big part of being successful in a relationship.,and as a teenager you do not have the level required to make a marriage work.,teenage_marriage,neutral
340,Teenage years are critical for brain development.,are not ready for responsibility that marriages bring.,teenage_marriage,neutral
341,Teens are still children and,Teenage marriages are not a good idea.,teenage_marriage,neutral
342,Teens are still children and,Teenage years are critical for brain development.,teenage_marriage,neutral
343,are not ready for responsibility that marriages bring.,Teenage years are critical for brain development.,teenage_marriage,neutral
344,There is no harm in waiting a few years.,Teenage years are critical for brain development.,teenage_marriage,neutral
345,People in their teens are still developing and figuring out what they want in life.,but it can be a lot harder to support children when you are young.,teenage_marriage,neutral
346,"The influence of another can make things seem like that is what they want,",but it can be a lot harder to support children when you are young.,teenage_marriage,neutral
347,It will generally be better for both parties.,The child will be better off staying with its biological parents.,teenage_parenthood,neutral
348,It will generally be better for both parties.,"If the child and parent become separated, the entire bloodline and family becomes fractured.",teenage_parenthood,neutral
349,Having a child will cause the teenager to have to grow up.,The child will be better off staying with its biological parents.,teenage_parenthood,neutral
350,"If the child and parent become separated, the entire bloodline and family becomes fractured.","I think that, in most circumstances, teenagers that get pregnant should keep their children.",teenage_parenthood,neutral
351,It is not natural or beneficial for this to happen.,The child will be better off staying with its biological parents.,teenage_parenthood,neutral
352,"However, it is a basic human right that people can have children and raise them.",Teenagers that get pregnant should keep their children.,teenage_parenthood,neutral
353,Teens are inexperienced with life,Teenagers that get pregnant should keep their children.,teenage_parenthood,neutral
354,Teenagers that get pregnant are not ready to enter into such a commitment.,"While they can seek help from family for this,",teenage_parenthood,neutral
355,They got to where they are now by being in the moment and not thinking about their future.,Teenagers that get pregnant should not keep their children.,teenage_parenthood,neutral
356,They got to where they are now by being in the moment and not thinking about their future.,"While they can seek help from family for this,",teenage_parenthood,neutral
357,"Their ability to raise a child is questionable,","While they can seek help from family for this,",teenage_parenthood,neutral
358,and we cannot forget that they themselves are in many ways still children.,Teenagers that get pregnant are not ready to enter into such a commitment.,teenage_parenthood,neutral
359,and we cannot forget that they themselves are in many ways still children.,"While they can seek help from family for this,",teenage_parenthood,neutral
360,"The teenager will have a much more difficult time getting ahead in life, and this will disproportionately affect the lower classes more than the upper.",Teenagers that get pregnant are not ready to enter into such a commitment.,teenage_parenthood,neutral
361,"The teenager will have a much more difficult time getting ahead in life, and this will disproportionately affect the lower classes more than the upper.","While they can seek help from family for this,",teenage_parenthood,neutral
362,not everyone will have the same level of support.,Teenagers that get pregnant should not keep their children.,teenage_parenthood,neutral
363,not everyone will have the same level of support.,Teenagers that get pregnant are not ready to enter into such a commitment.,teenage_parenthood,neutral
364,The world is a tough place and,because they do not allow their children to learn by making mistakes.,helicopter_parents,neutral
365,the child also has the knowledge that their parent will always be there for them.,They want to make sure that their child is safe and be there when their child is in need.,helicopter_parents,neutral
366,"this way, they can continue to make bigger decisions as they grow into teens and young adults.",Helicopter parents are bad for their children.,helicopter_parents,neutral
367,there are few arguments to support.,Helicopter parenting has proven to be detrimental to the success of children.,helicopter_parents,neutral
368,tend not to allow their children to develop the ability to effectively cope with adversity on their own.,"There are, of course, real safety concerns from which children need to be protected.",helicopter_parents,neutral
369,"However, excessive parental caution is likely to result in children who grow into adults less capable than otherwise in dealing with a complex, sometimes unfriendly, world.","Further, such parents' constant hovering prevents their children from really experiencing independence or fully appreciating the benefits (and perils) of risk taking.",helicopter_parents,neutral
370,"If you do not have any siblings, you have all the attention of your parents and do not have to share.","Furthermore, you don't have any sibling rivalry.",only_child,neutral
371,There is no pressure to do better than some one else.,"Furthermore, you don't have any sibling rivalry.",only_child,neutral
372,"Being an only child can also cause feelings of loneliness and isolation, which are not good for a child's mental health.","and because of this, they think they are entitled to more and better things than others as they grow up.",only_child,neutral
373,"Being an only child can be boring for a child, so it is also more of a strain on the parents to keep the child busy and to socialize the child.","and because of this, they think they are entitled to more and better things than others as they grow up.",only_child,neutral
374,Only children lack necessary social skills.,But China has survived as a country with the one child rule,only_child,neutral
375,"Children with siblings are happier as they always have someone to go to for help, or someone to play with.","While children with siblings might get less attention from their parents,",only_child,neutral
376,"However, many sports can be """"toned down"""" for novices or those who are just starting out,",and gets the heart rate going.,sports_as_family_activity,neutral
377,This is not necessarily the case.,Doing sports together is a good thing for families.,sports_as_family_activity,neutral
378,Adults have the opportunity to demonstrate sportsmanship and proper behavior to their children.,Some may think that competitive environment generally associated with sport can be disruptive of family harmony.,sports_as_family_activity,neutral
379,It is also an excellent way to improve the family's total health.,Families participating in sports teams can be a good way to bond.,sports_as_family_activity,neutral
380,but the positive benefits far outweigh any risks.,Doing sports together is a good thing for families.,sports_as_family_activity,neutral
381,but the positive benefits far outweigh any risks.,Families participating in sports teams can be a good way to bond.,sports_as_family_activity,neutral
382,Would you say does tending a garden negatively affect family life? Of course you wouldn't.,Video games do not have a negative impact on family life.,video_games_bad_for_families,neutral
383,Such activities cannot be inherently bad.,Video games do not have a negative impact on family life.,video_games_bad_for_families,neutral
384,There are few times in the average family were they can interact with each other on a close level without any interruptions.,The time playing video games should be limited by parents or caregivers.,video_games_bad_for_families,neutral
385,"There are many games available that are suitable for all ages, and playing those as a family can bring the family together.","The problem that exists is potentially in violent video games,",video_games_bad_for_families,neutral
386,"Family video games would be the modern day equivalent to gathering as a family to play a board game, and there has never been controversy around that activity.","The problem that exists is potentially in violent video games,",video_games_bad_for_families,neutral
387,They also give us comfort and warm feelings and help promote a happier lifestyle.,because they're a part of the family.,treat_dogs_as_humans,neutral
388,They're fulling and fun to be around.,because they're a part of the family.,treat_dogs_as_humans,neutral
389,It is not normal behavior to treat you dog as an equal to your family.,If a person loses their source of income then their dogs may suffer and not receive adequate care.,treat_dogs_as_humans,neutral
390,In some ways it is good for the heart to have a fur friend in your home.,If a person loses their source of income then their dogs may suffer and not receive adequate care.,treat_dogs_as_humans,neutral
391,because we never know what will happen in the future.,If a person loses their source of income then their dogs may suffer and not receive adequate care.,treat_dogs_as_humans,neutral
392,"""For centuries, dogs have been known as """"man's best friend.""""",so we should be able to rely on them.,treat_dogs_as_humans,neutral
393,"On the negative, a larger family costs a whole lot more.",A larger family will create a better atmosphere for a child.,large_families_better_for_children,neutral
394,"They will be more outgoing, more playful,",because they will learn so much more.,large_families_better_for_children,neutral
395,because of not being around just adults all the time.,because they will learn so much more.,large_families_better_for_children,neutral
396,because of not being around just adults all the time.,A larger family will create a better atmosphere for a child.,large_families_better_for_children,neutral
397,"Statistics show there is a larger ratio of teen pregnancies, school dropouts, and criminal convictions in families with more than 3 children.",One possible counter argument is that there is more long term bonding and support among the siblings.,large_families_better_for_children,neutral
398,The main problem is the loss of parental focus and guidance for each child.,One possible counter argument is that there is more long term bonding and support among the siblings.,large_families_better_for_children,neutral
399,and with a larger family love could come from other sources than just the parents.,"Large families provide a wonderful life for children,",large_families_better_for_children,neutral
